patient_id,name,dob,gender,ohip_code,private_insurance_name,private_insurance_id,family_doctor_id
1,Sofia Kim,2007-05-14,Female,OHIP8479902459,,,112
2,Aisha Patel,1959-03-13,Female,OHIP9963334018,Sun Life,PRIV542417,104
3,Nina Osei,1995-05-04,Female,OHIP3410529190,,,108
4,Fatima Osei,2002-11-13,Male,OHIP4733616459,,,105
5,Priya Patel,1963-12-13,Male,OHIP8574149614,,,102
6,Kwame Tran,1982-03-17,Female,OHIP7887950851,Sun Life,PRIV946335,107
7,Hassan Brown,1957-01-26,Other,OHIP8995970241,,,102
8,Priya Haddad,1954-02-10,Male,OHIP8615270538,Manulife,PRIV183667,108
9,Omar Patel,2007-01-12,Other,OHIP5993561321,Manulife,PRIV472528,111
10,Kwame Haddad,1965-05-09,Male,OHIP2051454923,,,111
11,Liam Kim,2011-09-27,Female,OHIP8235363119,,,106
12,Sara Haddad,1985-12-28,Other,OHIP2351531223,,,108
13,Hassan Haddad,1962-10-26,Male,OHIP7805745017,,,104
14,Fatima Osei,1962-05-30,Other,OHIP1470939445,,,102
15,Tom Ali,1984-07-09,Other,OHIP9573276057,,,101
16,Mei Khan,2011-01-12,Male,OHIP8047877267,Canada Life,PRIV216970,101
17,Tom Park,2014-10-13,Female,OHIP4919706735,Canada Life,PRIV755674,103
18,Aisha Nguyen,1983-07-19,Male,OHIP9592390865,Green Shield,PRIV439902,105
19,Noah Cohen,1971-06-26,Female,OHIP5067116918,,,109
20,Nina Khan,2018-09-15,Male,OHIP8128575500,,,109
21,Chloe Dubois,2004-06-02,Other,OHIP6633778586,,,108
22,Aisha Lopez,1960-11-09,Other,OHIP5569956444,,,104
23,Liam Kim,2002-10-17,Female,OHIP9894847574,,,101
24,Sara Brown,1979-08-24,Other,OHIP6317189421,,,103
25,Mei Brown,2014-11-23,Female,OHIP3030106617,Green Shield,PRIV922733,102
26,Kwame Chen,2009-02-13,Other,OHIP7114223633,,,111
27,Sofia Brown,2007-12-22,Female,OHIP4700855390,,,109
28,Kwame Kim,1990-04-01,Female,OHIP6083042422,,,108
29,Mei Cohen,1999-05-17,Male,OHIP2015242176,,,104
30,Omar Dubois,1985-12-24,Male,OHIP6002078344,Green Shield,PRIV102260,107
31,Wei Brown,2012-06-29,Male,,Green Shield,PRIV921414,104
32,Raj Chen,1955-04-01,Female,OHIP3328710672,,,110
33,Tom Patel,1992-10-10,Female,OHIP1676168421,,,102
34,Ivan Nguyen,2003-05-21,Other,OHIP4701485292,,,104
35,Mei Lopez,2001-12-09,Other,OHIP3660223333,,,109
36,Ivan Garcia,1978-05-20,Other,OHIP8370987661,Canada Life,PRIV350280,111
37,Aisha Dubois,1976-11-30,Other,OHIP5018948187,,,110
38,Chloe Patel,1958-12-21,Female,OHIP2139027119,,,106
39,Grace Ivanov,1975-07-27,Female,OHIP8316648259,,,111
40,Wei Ali,1999-10-04,Female,OHIP3849232839,,,102
41,Grace Brown,2016-08-09,Other,OHIP6464693977,,,106
42,Omar Chen,1968-04-07,Female,OHIP8958199946,Green Shield,PRIV629959,111
43,Omar Khan,1988-01-01,Other,OHIP1189351213,Manulife,PRIV449759,108
44,Wei Tran,1999-06-30,Female,OHIP3409076656,Sun Life,PRIV217308,106
45,Liam Wilson,2002-04-05,Male,OHIP2845919895,,,101
46,Nina Osei,1982-02-06,Other,OHIP5736462531,,,112
47,Mei Kim,1963-11-13,Male,OHIP2770791023,Canada Life,PRIV288073,103
48,Chloe Wilson,2020-08-21,Female,OHIP3021598245,Green Shield,PRIV309267,104
49,Omar Silva,1952-02-15,Other,OHIP7006365648,Sun Life,PRIV392136,109
50,Hassan Ali,1985-11-09,Female,OHIP1118543408,Manulife,PRIV373903,102
51,Grace Ivanov,2003-07-10,Female,OHIP6642201119,,,107
52,Mei Singh,2001-09-23,Other,OHIP9780573290,,,109
53,Noah Rossi,2011-08-15,Other,OHIP3880327491,Green Shield,PRIV481913,106
54,Nina Garcia,2009-07-07,Female,OHIP7049001493,Canada Life,PRIV521947,107
55,Ivan Tran,2009-08-27,Female,OHIP4877520294,Canada Life,PRIV745414,105
56,Kwame Dubois,1975-09-28,Other,OHIP6679017210,,,104
57,Tom Park,1995-11-11,Male,OHIP5659161352,,,102
58,Diego Garcia,2017-05-22,Female,OHIP2333241445,,,101
59,Kwame Osei,1971-12-20,Other,,Sun Life,PRIV740967,110
60,Wei Singh,1967-06-12,Female,OHIP6944142262,Manulife,PRIV519066,107
61,Liam Tran,1969-08-19,Female,OHIP7519578899,,,102
62,Kwame Ali,1990-12-14,Female,OHIP8995059760,,,111
63,Omar Dubois,1974-11-17,Female,OHIP7533932947,Manulife,PRIV757193,112
64,Nina Patel,1975-08-20,Female,OHIP6737421496,,,103
65,Mei Osei,1970-09-30,Male,OHIP1918920620,,,109
66,Hassan Singh,1991-10-20,Other,OHIP7099469983,,,107
67,Ivan Osei,1992-10-16,Other,OHIP6805759868,,,112
68,Sofia Ali,2015-11-28,Male,OHIP6242173772,,,108
69,Fatima Dubois,1952-08-09,Female,OHIP8722962486,,,110
70,Mei Garcia,1997-12-02,Male,OHIP1116402431,,,103
71,Kwame Rossi,1954-07-06,Male,OHIP2405969000,,,107
72,Sara Singh,1974-12-18,Other,OHIP8868054898,Sun Life,PRIV364525,109
73,Noah Chen,1954-09-03,Female,,Manulife,PRIV466960,104
74,Sara Nguyen,1967-11-20,Other,OHIP3668616333,Manulife,PRIV350132,104
75,Fatima Wilson,1991-09-21,Female,OHIP8588769565,Sun Life,PRIV275939,110
76,Noah Lopez,1952-04-21,Other,OHIP6906898409,Manulife,PRIV849747,111
77,Grace Nguyen,1971-10-15,Other,OHIP8612747444,,,101
78,Noah Ivanov,1981-02-24,Other,OHIP8136179811,,,106
79,Chloe Dubois,1951-02-19,Other,OHIP8826851692,Green Shield,PRIV210665,103
80,Grace Tran,1989-01-26,Male,OHIP8088660633,,,108
81,Noah Ali,1989-01-28,Male,OHIP7839626408,Manulife,PRIV437960,104
82,Aisha Cohen,2017-04-30,Male,OHIP6922713963,,,103
83,Raj Ali,1993-09-28,Other,OHIP8721631198,,,112
84,Sofia Osei,1974-10-14,Male,OHIP1820581106,,,109
85,Kwame Singh,2018-01-07,Female,OHIP8352307139,,,105
86,Hassan Silva,1969-11-18,Male,OHIP6339955011,,,109
87,Chloe Dubois,1997-08-19,Male,OHIP7658867789,,,105
88,Raj Nguyen,1972-07-21,Other,OHIP4097892639,,,109
89,Omar Lopez,2018-05-19,Other,OHIP1822662216,Green Shield,PRIV874483,110
90,Emma Kim,1975-05-23,Male,,Manulife,PRIV973074,103
91,Omar Chen,1977-02-12,Female,OHIP3294092753,,,109
92,Sara Cohen,1976-03-17,Male,OHIP3108307952,Canada Life,PRIV112861,106
93,Priya Patel,1966-07-17,Male,,Green Shield,PRIV364742,108
94,Wei Garcia,1956-08-24,Other,OHIP3948284698,,,105
95,Grace Park,1957-08-23,Other,,Green Shield,PRIV224205,104
96,Hassan Osei,2019-08-04,Male,OHIP7196439534,,,110
97,Diego Ali,2005-09-18,Other,OHIP4275930923,,,102
98,Fatima Singh,1964-02-03,Male,OHIP3370788647,,,108
99,Sofia Wilson,2011-11-06,Other,OHIP2250949136,,,105
100,Hassan Brown,2013-01-25,Male,OHIP9895649328,Canada Life,PRIV344762,102
101,Liam Khan,1998-11-09,Male,OHIP1610900200,,,110
102,Kwame Wilson,2017-03-11,Other,OHIP9251459094,Sun Life,PRIV560485,107
103,Noah Park,1974-06-04,Female,OHIP7415801613,,,107
104,Noah Kim,2015-11-25,Other,OHIP2075321966,,,110
105,Hassan Chen,2002-09-03,Female,,Canada Life,PRIV901909,108
106,Sara Patel,1996-07-23,Male,OHIP9229469952,Green Shield,PRIV290305,106
107,Fatima Rossi,1986-08-20,Male,OHIP3878201524,,,112
108,Nina Chen,1994-06-14,Male,OHIP9354542654,,,102
109,Tom Singh,1978-03-21,Other,OHIP8613035386,,,109
110,Kwame Chen,1991-06-13,Female,OHIP8543865915,,,105
111,Sara Nguyen,1999-04-10,Female,OHIP6532043071,,,111
112,Nina Osei,2004-08-16,Female,OHIP4048494026,Sun Life,PRIV425845,104
113,Sara Wilson,1960-03-06,Other,OHIP4574027737,,,112
114,Kwame Tran,1974-07-13,Female,OHIP3028168523,,,107
115,Mei Rossi,1967-02-06,Other,OHIP4776677517,Canada Life,PRIV173201,105
116,Nina Cohen,1950-03-26,Male,OHIP5933179746,,,106
117,Sofia Lopez,1999-07-08,Male,OHIP6915072151,Manulife,PRIV437408,104
118,Wei Cohen,2019-07-31,Female,OHIP6932342612,,,103
119,Kwame Nguyen,1995-01-24,Other,,Sun Life,PRIV448121,108
120,Raj Park,1951-05-18,Other,OHIP1662976399,Canada Life,PRIV592296,107
121,Raj Cohen,2008-04-19,Other,OHIP7586857685,,,101
122,Sofia Patel,2005-05-24,Male,OHIP9250327663,,,102
123,Kwame Khan,2018-03-20,Other,OHIP4747699292,,,105
124,Emma Silva,1952-08-06,Male,OHIP4419410162,,,107
125,Fatima Patel,1963-01-23,Other,OHIP1773338452,,,107
126,Omar Dubois,2005-08-06,Male,OHIP3504640817,Green Shield,PRIV343467,111
127,Chloe Lopez,1950-11-04,Male,OHIP3347621138,Green Shield,PRIV177449,111
128,Priya Kim,1988-01-25,Male,OHIP2297602688,Green Shield,PRIV503380,110
129,Ivan Ali,1982-03-16,Female,OHIP2268006448,,,110
130,Emma Kim,2011-07-12,Other,OHIP5181592277,Green Shield,PRIV735863,106
131,Wei Nguyen,1969-08-25,Other,OHIP7961674558,,,111
132,Hassan Silva,1953-07-15,Other,OHIP2893321208,,,103
133,Nina Silva,1958-02-01,Other,OHIP2784572192,Manulife,PRIV310548,109
134,Priya Dubois,1974-06-14,Female,OHIP8758809005,Canada Life,PRIV882824,103
135,Nina Silva,2017-08-29,Female,,Green Shield,PRIV809176,107
136,Chloe Ali,1951-04-02,Other,OHIP5825776872,,,107
137,Grace Kim,2007-04-15,Other,OHIP6299224734,Canada Life,PRIV126240,102
138,Liam Wilson,2007-01-02,Male,OHIP2753617371,Sun Life,PRIV246566,102
139,Ivan Dubois,1958-09-20,Male,OHIP3308745090,,,111
140,Mei Nguyen,2016-09-02,Male,OHIP7615076397,Manulife,PRIV715870,110
141,Diego Dubois,1986-08-13,Male,OHIP2201474778,Canada Life,PRIV823811,104
142,Nina Silva,1982-07-16,Female,OHIP8239941612,,,107
143,Diego Park,1974-10-02,Female,OHIP2952996248,,,101
144,Hassan Brown,2020-08-02,Female,OHIP5246953455,,,109
145,Wei Park,1968-08-02,Female,OHIP6295689007,,,105
146,Fatima Nguyen,1962-12-25,Other,,Canada Life,PRIV666456,101
147,Fatima Ali,1961-10-28,Female,OHIP2390587865,,,103
148,Kwame Silva,2016-07-17,Other,OHIP5567946981,,,110
149,Tom Wilson,1959-10-14,Male,OHIP3641863774,,,111
150,Priya Cohen,1952-10-17,Other,OHIP7019900273,,,108
151,Grace Lopez,1956-08-05,Other,OHIP1637088959,Canada Life,PRIV232321,112
152,Tom Park,1979-03-05,Male,OHIP6561543484,,,102
153,Mei Rossi,2021-02-25,Male,OHIP6218484323,Manulife,PRIV573489,107
154,Chloe Garcia,1987-04-28,Other,OHIP6637352245,Canada Life,PRIV427704,108
155,Mei Nguyen,1956-01-09,Other,OHIP1366637148,,,112
156,Priya Osei,1983-06-07,Male,OHIP3389594115,Canada Life,PRIV714953,111
157,Priya Lopez,2017-04-24,Other,OHIP6636925105,,,104
158,Priya Ali,1963-11-19,Other,OHIP5759761714,Canada Life,PRIV986438,104
159,Aisha Khan,1988-07-01,Male,OHIP9702693937,Canada Life,PRIV789786,112
160,Aisha Khan,2018-05-26,Female,OHIP6754503097,,,110
161,Tom Brown,2008-12-21,Male,OHIP1131671246,,,107
162,Raj Lopez,1990-09-13,Other,OHIP6884333221,,,102
163,Noah Ali,1954-09-20,Male,OHIP9803662851,,,111
164,Omar Brown,1988-01-16,Other,OHIP7193532615,,,102
165,Liam Kim,1980-12-19,Male,OHIP8160279830,,,110
166,Raj Nguyen,1954-12-01,Female,OHIP6392415228,,,108
167,Nina Kim,2017-01-07,Other,OHIP5849815676,,,109
168,Mei Singh,2009-12-07,Male,OHIP5604529187,Sun Life,PRIV878086,102
169,Mei Wilson,1978-02-01,Female,OHIP7757700186,,,107
170,Chloe Patel,1951-11-15,Male,,Green Shield,PRIV280222,102
171,Emma Rossi,1971-10-30,Female,OHIP5632753983,,,106
172,Chloe Silva,2019-11-25,Other,OHIP3190227431,,,111
173,Diego Khan,1963-04-02,Other,OHIP5923940434,,,103
174,Kwame Lopez,2018-03-15,Other,OHIP1323639855,Green Shield,PRIV910389,108
175,Wei Dubois,2011-02-09,Female,OHIP7977267911,Canada Life,PRIV757685,108
176,Hassan Chen,1989-09-03,Male,OHIP8715177240,,,109
177,Liam Silva,1956-08-28,Male,OHIP2940955281,,,102
178,Kwame Lopez,2007-11-02,Other,OHIP4673457063,Green Shield,PRIV744883,112
179,Raj Park,1953-09-06,Male,OHIP3799620568,,,109
180,Raj Patel,1963-07-15,Other,,Sun Life,PRIV572407,111
181,Kwame Ivanov,1965-06-25,Other,OHIP8334179373,,,110
182,Ivan Osei,1964-03-29,Male,OHIP9237475801,,,111
183,Raj Nguyen,2003-08-22,Other,OHIP2437308013,,,111
184,Raj Patel,1984-09-05,Other,OHIP4750707607,,,111
185,Emma Tran,1962-09-09,Male,OHIP8138816152,Sun Life,PRIV235215,111
186,Mei Ivanov,2021-01-09,Male,OHIP9991312028,,,101
187,Raj Cohen,1982-07-13,Female,OHIP5085241101,,,104
188,Tom Tran,1962-05-05,Other,OHIP4384950377,,,109
189,Wei Khan,1953-05-21,Female,OHIP3654424954,Green Shield,PRIV726258,112
190,Kwame Chen,2019-03-07,Male,OHIP4876877928,,,106
191,Kwame Kim,2010-09-06,Other,OHIP9459318641,Canada Life,PRIV740255,104
192,Diego Silva,1977-10-06,Other,,Green Shield,PRIV922471,110
193,Fatima Brown,1989-07-12,Other,OHIP7560389844,,,103
194,Tom Nguyen,1972-06-06,Male,OHIP5012760260,,,102
195,Mei Patel,2018-06-18,Female,OHIP3204833223,,,108
196,Sofia Haddad,1981-05-13,Female,OHIP2781968664,Canada Life,PRIV515712,106
197,Raj Garcia,1970-02-22,Female,OHIP4997866845,,,101
198,Kwame Park,1975-09-27,Female,OHIP4569592370,Green Shield,PRIV895702,102
199,Nina Park,1951-09-15,Other,OHIP4586139213,,,107
200,Sofia Osei,1959-12-23,Other,OHIP6315624319,Sun Life,PRIV227767,110
